id,First Name,Last Name,Family
1,Giuseppe,Rossi,Rossi Family
2,Maria,Rossi,Rossi Family
3,Antonio,Rossi,Rossi Family
4,Sofia,Rossi,Rossi Family
5,Luca,Bianchi,Bianchi Family
6,Giulia,Bianchi,Bianchi Family
7,Marco,Bianchi,Bianchi Family
8,Alessia,Bianchi,Bianchi Family
9,Francesco,Ricci,Ricci Family
10,Chiara,Ricci,Ricci Family
11,Roberto,Ricci,Ricci Family
12,Laura,Ricci,Ricci Family
13,Giovanni,Moretti,Moretti Family
14,Anna,Moretti,Moretti Family
15,Matteo,Moretti,Moretti Family
16,Elena,Moretti,Moretti Family
17,Carlo,Romano,Romano Family
18,Lucia,Romano,Romano Family
19,Federico,Romano,Romano Family
20,Martina,Romano,Romano Family
21,Luigi,Marini,Marini Family
22,Teresa,Marini,Marini Family
23,Andrea,Marini,Marini Family
24,Francesca,Marini,Marini Family
25,Mario,Conti,Conti Family
26,Elena,Conti,Conti Family
27,Paolo,Conti,Conti Family
28,Giuliana,Conti,Conti Family
29,Giorgio,Rossi,Rossi Family
30,Paola,Rossi,Rossi Family
31,Fabio,Rossi,Rossi Family
32,Alice,Rossi,Rossi Family
33,Andrea,Bianchi,Bianchi Family
34,Valentina,Bianchi,Bianchi Family
35,Federica,Bianchi,Bianchi Family
36,Lorenzo,Bianchi,Bianchi Family
37,Marco,Ricci,Ricci Family
38,Elisa,Ricci,Ricci Family
39,Giorgio,Ricci,Ricci Family
40,Anna,Ricci,Ricci Family
41,Luca,Moretti,Moretti Family
42,Simona,Moretti,Moretti Family
43,Roberta,Moretti,Moretti Family
44,Alessandro,Moretti,Moretti Family
45,Giulia,Romano,Romano Family
46,Stefano,Romano,Romano Family
47,Elisa,Romano,Romano Family
48,Mattia,Romano,Romano Family
49,Marco,Marini,Marini Family
50,Linda,Marini,Marini Family
51,Giulia,Marini,Marini Family
52,Federico,Marini,Marini Family
53,Andrea,Conti,Conti Family
54,Sara,Conti,Conti Family
55,Lorenzo,Conti,Conti Family
56,Francesca,Conti,Conti Family
